number,title,image
1,Mushoku Tensei: Isekai Ittara Honki Dasu 2nd Season - 1,
2,Mushoku Tensei: Isekai Ittara Honki Dasu 2nd Season - 2,
3,Mushoku Tensei: Isekai Ittara Honki Dasu 2nd Season - 3,
4,Mushoku Tensei: Isekai Ittara Honki Dasu 2nd Season - 4,
5,Mushoku Tensei: Isekai Ittara Honki Dasu 2nd Season - 5,
6,Mushoku Tensei: Isekai Ittara Honki Dasu 2nd Season - 6,
7,Mushoku Tensei: Isekai Ittara Honki Dasu 2nd Season - 7,
8,Mushoku Tensei: Isekai Ittara Honki Dasu 2nd Season - 8,
9,Mushoku Tensei: Isekai Ittara Honki Dasu 2nd Season - 9,
